projectID,agencyName,continentName,countryCode,countryName,dateUSGSignature,emergencyTypeName,projectCode,projectTitle,regionName,totalAmountApproved,windowFullName,year,projectsectors,projectclusters,projectgroupings,projectcapcodes
1770,World Health Organization,Africa,NGA,Nigeria,5/1/2009,Unspecified Health Emergency,09-WHO-028,Project for emergency health intervention to control the meningitis outbreak in Nigeria,Western Africa,1279887,Rapid Response,2009,Health,Health,,
2408,United Nations Children’s Fund,Africa,NGA,Nigeria,8/27/2010,Multiple Emergencies,10-CEF-044,"Response to an Outbreak of lead Poisoning in Zamfara State of Nigeria  focusing on addressing the gaps/unmet emergency and life saving needs	",Western Africa,1181590,Rapid Response,2010,Health,Health,,
2409,World Health Organization,Africa,NGA,Nigeria,9/2/2010,Multiple Emergencies,10-WHO-052,Response to an Outbreak of lead Poisoning in Zamfara State of Nigeria  focusing on addressing the gaps/unmet emergency and life saving needs,Western Africa,817612,Rapid Response,2010,Health,Health,,
3738,United Nations Children’s Fund,Africa,NGA,Nigeria,1/17/2013,Flood,13-CEF-001,Life-saving WASH Interventions for Flood Affected communities in Nigeria,Western Africa,1867213,Rapid Response,2013,"Water, Sanitation and Hygiene","Water, Sanitation and Hygiene",,
3739,United Nations Children’s Fund,Africa,NGA,Nigeria,1/21/2013,Flood,13-CEF-002,"Emergency health care, prevention and response to flood affected population in Nigeria",Western Africa,1099462,Rapid Response,2013,Health,Health,,
3740,Food and Agriculture Organization,Africa,NGA,Nigeria,1/15/2013,Flood,13-FAO-001,Life Saving support for fisheries producers in states most affected by the 2012 flood in Nigeria,Western Africa,995380,Rapid Response,2013,Agriculture,Agriculture,,
3741,United Nations Population Fund,Africa,NGA,Nigeria,1/21/2013,Flood,13-FPA-001,"Emergency health care, prevention and response to flood affected population in Nigeria",Western Africa,331136,Rapid Response,2013,Health,Health,,
3742,United Nations High Commissioner for Refugees,Africa,NGA,Nigeria,1/15/2013,Flood,13-HCR-001,Provision of Basic NFIs to most vulnerable Displaced families,Western Africa,1418753,Rapid Response,2013,Shelter and Non-Food Items,Shelter and Non-Food Items,,
3743,World Health Organization,Africa,NGA,Nigeria,1/21/2013,Flood,13-WHO-001,"Emergency health care, prevention and response to flood affected population in Nigeria",Western Africa,719489,Rapid Response,2013,Health,Health,,
660,United Nations Children’s Fund,Africa,NGA,Nigeria,9/5/2014,Ebola,14-RR-CEF-108,Social Mobilization for Containment of the Ebola Virus Disease in Lagos,Western Africa,394866,Rapid Response,2014,Health,Health,Ebola in western Africa 2014-2015,
661,World Health Organization,Africa,NGA,Nigeria,9/8/2014,Ebola,14-RR-WHO-055,Life-saving response to contain the Ebola virus Disease outbreak in Lagos Nigeria,Western Africa,1063443,Rapid Response,2014,Health,Health,Ebola in western Africa 2014-2015,
746,International Organization for Migration,Africa,NGA,Nigeria,10/17/2014,Displacement,14-UFE-IOM-038,Expanding emergency psychosocial support for conflict-induced displaced population in Maiduguri camps,Western Africa,250000,Underfunded Emergencies,2014,Protection,Protection,Boko Haram crisis 2014-,NGA-14/H/70427/R/298
747,United Nations Population Fund,Africa,NGA,Nigeria,10/16/2014,Displacement,14-UFE-FPA-038,Addressing access to emergency reproductive health services in insecure affected states of Borno and Yobe,Western Africa,223457,Underfunded Emergencies,2014,Health,Health,Boko Haram crisis 2014-,NGA-14/H/65992/R1171
748,United Nations Population Fund,Africa,NGA,Nigeria,10/16/2014,Displacement,14-UFE-FPA-039,Strengthening national capacity for prevention and response to SGBV,Western Africa,285378,Underfunded Emergencies,2014,Protection,Protection,Boko Haram crisis 2014-,NGA-14/P-HR-RL/70410/R1171
749,United Nations High Commissioner for Refugees,Africa,NGA,Nigeria,10/20/2014,Displacement,14-UFE-HCR-037,Improved access to protection and assistance to displaced people and host communities,Western Africa,550063,Underfunded Emergencies,2014,Protection,Protection,Boko Haram crisis 2014-,nga-14p/p-hr-rl/70050/r/120
750,United Nations Children’s Fund,Africa,NGA,Nigeria,10/16/2014,Displacement,14-UFE-CEF-131,Emergency Primary Health Care Services through Convergence Intervention in two North-Eastern States of Nigeria,Western Africa,348168,Underfunded Emergencies,2014,Health,Health,Boko Haram crisis 2014-,NGA-14/H/66368/124
751,United Nations Children’s Fund,Africa,NGA,Nigeria,10/20/2014,Displacement,14-UFE-CEF-132,WASH Life Saving Response for IDPs in North East,Western Africa,1300000,Underfunded Emergencies,2014,"Water, Sanitation and Hygiene","Water, Sanitation and Hygiene",Boko Haram crisis 2014-,NGA-14/WS/70436/R124
752,United Nations Children’s Fund,Africa,NGA,Nigeria,10/16/2014,Displacement,14-UFE-CEF-133,"Community Based Psychosocial Support for boys, girls and families affected by on-going insurgency in Borno and Yobe states ",Western Africa,352311,Underfunded Emergencies,2014,Protection,Protection,Boko Haram crisis 2014-,NGA-14/H/70367/R/124
753,World Health Organization,Africa,NGA,Nigeria,10/20/2014,Displacement,14-UFE-WHO-067,Strengthening preparedness and emergency response to epidemic prone diseases through early warning systems among IDPs and host communities in north east Nigeria,Western Africa,237268,Underfunded Emergencies,2014,Health,Health,Boko Haram crisis 2014-,nga-14/h/67011/122
1126,United Nations Development Programme,Africa,NGA,Nigeria,4/29/2015,Displacement,15-RR-UDP-004,UNDSS Security Support for Humanitarian Operations,Western Africa,199837,Rapid Response,2015,Common Services,Common Services,Boko Haram crisis 2014-,NGA-15/S/78121/5139
1127,United Nations Children’s Fund,Africa,NGA,Nigeria,5/1/2015,Displacement,15-RR-CEF-035,Establishing an effective system of identification and interim care for unaccompanied and separated children displaced by the conflict in Adamawa State,Western Africa,403254,Rapid Response,2015,Protection,Protection,Boko Haram crisis 2014-,NGA-15/P-HR-RL/78012/124
1128,Food and Agriculture Organization,Africa,NGA,Nigeria,4/30/2015,Displacement,15-RR-FAO-014,Food Security and Livelihood Support for Most Vulnerable Households Affected by the Insurgency in N. E. Nigeria,Western Africa,2199134,Rapid Response,2015,Agriculture,Agriculture,Boko Haram crisis 2014-,NGA-15/A/77987/123
1129,United Nations Children’s Fund,Africa,NGA,Nigeria,5/4/2015,Displacement,15-RR-CEF-036,Nutrition intervention and response to the Humanitarian crisis in North East states under state of emergency in Nigeria,Western Africa,3295934,Rapid Response,2015,Nutrition,Nutrition,Boko Haram crisis 2014-,NGA-15/H/77973/124
1130,World Food Programme,Africa,NGA,Nigeria,5/4/2015,Displacement,15-RR-WFP-024,Provision of humanitarian air services in response to the Nigerian Crisis (UNHAS),Western Africa,700001,Rapid Response,2015,Common Services,Common Services,Boko Haram crisis 2014-,
1131,United Nations Population Fund,Africa,NGA,Nigeria,5/1/2015,Displacement,15-RR-FPA-011,Prevention and Response to Sexual and Gender Based Violence (SGBV),Western Africa,501670,Rapid Response,2015,Protection,Protection,Boko Haram crisis 2014-,NGA-15/H/77978/1171
1132,International Organization for Migration,Africa,NGA,Nigeria,5/1/2015,Displacement,15-RR-IOM-012,Emergency Shelter & NFI Assistance for affected populations in North East Nigeria,Western Africa,1479870,Rapid Response,2015,Shelter and Non-Food Items,Shelter and Non-Food Items,Boko Haram crisis 2014-,NGA-15/S-NF/78035/298
1133,United Nations High Commissioner for Refugees,Africa,NGA,Nigeria,5/1/2015,Displacement,15-RR-HCR-017,Improved access to protection and assistance to the internally displaced persons (IDPs) and their host communities,Western Africa,1109375,Rapid Response,2015,Protection,Protection,Boko Haram crisis 2014-,NGA-15/P-HR-RL/78083/120
1542,United Nations Children’s Fund,Africa,NGA,Nigeria,1/20/2016,Displacement,16-RR-CEF-001,Comprehensive Response for Unaccompanied and Separated Girls and Boys in Borno and Yobe,Western Africa,396553,Rapid Response,2016,Protection,Protection,Boko Haram crisis 2014-,
1543,United Nations Children’s Fund,Africa,NGA,Nigeria,1/26/2016,Displacement,16-RR-CEF-002,PROVISION OF EMERGENCY INTEGRATED PRIMARY HEALTH  CARE  SERVICES TO INTERNALLY DISPLACED PERSONS  IN CAMPS AND IN HOST COMMUNITIES IN BORNO STATE,Western Africa,348285,Rapid Response,2016,Health,Health,Boko Haram crisis 2014-,
1544,United Nations Children’s Fund,Africa,NGA,Nigeria,1/18/2016,Displacement,16-RR-CEF-003,Life-saving WASH interventions in IDP Camps and select host communities,Western Africa,2000000,Rapid Response,2016,"Water, Sanitation and Hygiene","Water, Sanitation and Hygiene",Boko Haram crisis 2014-,
1545,United Nations Children’s Fund,Africa,NGA,Nigeria,2/3/2016,Displacement,16-RR-CEF-004,Nutrition Response to Humanitarian crisis in the 3 states most affected by the Boko Haram Insurgency in the North East of Nigeria,Western Africa,1000000,Rapid Response,2016,Nutrition,Nutrition,Boko Haram crisis 2014-,
1546,United Nations Population Fund,Africa,NGA,Nigeria,1/20/2016,Displacement,16-RR-FPA-001,"Strengthening national actors to undertake GBV prevention and mitigation  services in  the conflict-affected North East Nigerian States of Adamawa, Borno, and Yobe",Western Africa,517063,Rapid Response,2016,Protection,Protection,Boko Haram crisis 2014-,
1547,United Nations Population Fund,Africa,NGA,Nigeria,1/20/2016,Displacement,16-RR-FPA-002,"Integrated comprehensive package of reproductive health services to reduce maternal morbidity and mortality in the conflict-affected North East Nigerian States of Adamawa, Borno, Gombe and Yobe.",Western Africa,309835,Rapid Response,2016,Health,Health,Boko Haram crisis 2014-,NGA-16/H/84951/1171
1548,International Organization for Migration,Africa,NGA,Nigeria,1/25/2016,Displacement,16-RR-IOM-001,"Emergency Psychosocial Support for displaced population in Maiduguri camps, Borno State",Western Africa,300000,Rapid Response,2016,Protection,Protection,Boko Haram crisis 2014-,
1549,International Organization for Migration,Africa,NGA,Nigeria,1/20/2016,Displacement,16-RR-IOM-002,"Shelter provision for school relocations, and camp decongestion/upgrade in Maiduguri, Borno State",Western Africa,2000000,Rapid Response,2016,Shelter and Non-Food Items,Shelter and Non-Food Items,Boko Haram crisis 2014-,
1550,United Nations High Commissioner for Refugees,Africa,NGA,Nigeria,1/21/2016,Displacement,16-RR-HCR-001,Provision of emergency shelters in the North East of Nigeria,Western Africa,1985228,Rapid Response,2016,Shelter and Non-Food Items,Shelter and Non-Food Items,Boko Haram crisis 2014-,
1551,United Nations High Commissioner for Refugees,Africa,NGA,Nigeria,1/20/2016,Displacement,16-RR-HCR-002,Registration and profiling of Nigerian Returnees and Provision of targeted protection services in Adamawa and Borno States,Western Africa,453302,Rapid Response,2016,Protection,Protection,Boko Haram crisis 2014-,
1552,United Nations High Commissioner for Refugees,Africa,NGA,Nigeria,1/20/2016,Displacement,16-RR-HCR-003,Psychosocial Support and Follow up of Protection  Cases referrals,Western Africa,197526,Rapid Response,2016,Protection,Protection,Boko Haram crisis 2014-,
1553,World Health Organization,Africa,NGA,Nigeria,2/25/2016,Displacement,16-RR-WHO-001,"Emergency Disease Outbreak Resaponse in Four LGAs (MMC, Jere, Damaturu, Potiskum) in Borno and Yobe States.",Western Africa,346354,Rapid Response,2016,Health,Health,Boko Haram crisis 2014-,
1786,World Health Organization,Africa,NGA,Nigeria,5/13/2016,Unspecified Health Emergency,16-RR-WHO-024,Emergency Response to Lassa Fever Outbreak in Nigeria,Western Africa,399741,Rapid Response,2016,Health,Health,,
1848,United Nations Children’s Fund,Africa,NGA,Nigeria,7/1/2016,Displacement,16-RR-CEF-078,Scaling up emergency nutrition interventions through rapid response in the newly liberated and other vulnerable areas in Borno and Yobe states.,Western Africa,3000749,Rapid Response,2016,Nutrition,Nutrition,Boko Haram crisis 2014-,
1849,Food and Agriculture Organization,Africa,NGA,Nigeria,6/30/2016,Displacement,16-RR-FAO-017,Strengthening food security for conflict affected populations in North East Nigeria,Western Africa,1500129,Rapid Response,2016,Agriculture,Agriculture,Boko Haram crisis 2014-,
1850,United Nations High Commissioner for Refugees,Africa,NGA,Nigeria,6/30/2016,Displacement,16-RR-HCR-028,Critical access to protection and assistance for most vulnerable internally displaced,Western Africa,1014227,Rapid Response,2016,Protection,Protection,Boko Haram crisis 2014-,
1851,World Food Programme,Africa,NGA,Nigeria,6/30/2016,Displacement,16-RR-WFP-041,"Life Saving Food Assistance to Extremely Vulnerable Nigerian IDPs in Borno and Yobe States, including Blanket Supplementary Feeding for Children at Risk aged 6-23 months",Western Africa,5995380,Rapid Response,2016,Food Assistance,Food Assistance,Boko Haram crisis 2014-,
1852,United Nations Children’s Fund,Africa,NGA,Nigeria,6/29/2016,Displacement,16-RR-CEF-079,Reintegration and reunification of unaccompanied and separated children and children associated with armed groups,Western Africa,237544,Rapid Response,2016,Protection,Protection,Boko Haram crisis 2014-,
1853,United Nations Population Fund,Africa,NGA,Nigeria,7/12/2016,Displacement,16-RR-FPA-030,"Enhancing national capacity to prevent, respond and mitigate GBV in the newly accessible LGAs of Borno",Western Africa,209444,Rapid Response,2016,Protection,Protection,Boko Haram crisis 2014-,
1854,World Food Programme,Africa,NGA,Nigeria,6/30/2016,Displacement,16-RR-WFP-042,Provision of Humanitarian Air Services in Nigeria,Western Africa,1000000,Rapid Response,2016,Common Services,Common Services,Boko Haram crisis 2014-,
1855,United Nations Development Programme,Africa,NGA,Nigeria,6/30/2016,Displacement,16-RR-UDP-007,Additional security support to the increase in the humanitarian effort in Borno and Yobe States,Western Africa,272409,Rapid Response,2016,Common Services,Common Services,Boko Haram crisis 2014-,
2104,World Food Programme,Africa,NGA,Nigeria,3/6/2017,Displacement,17-UF-WFP-010,Emergency Operation to provide Lifesaving support to households directly affected by insecurity in NE Nigeria,Western Africa,4324678,Underfunded Emergencies,2017,Food Assistance,Food Assistance,Boko Haram crisis 2014-,NGA-17/F/102755/561
2105,Food and Agriculture Organization,Africa,NGA,Nigeria,3/2/2017,Displacement,17-UF-FAO-007,"Improved production, availability and access to nutritious food for vulnerable IDPs, returnees and host families in North East Nigeria",Western Africa,2077500,Underfunded Emergencies,2017,Agriculture,Agriculture,Boko Haram crisis 2014-,NGA-17/A/102896/123
2106,United Nations Children’s Fund,Africa,NGA,Nigeria,3/17/2017,Displacement,17-UF-CEF-011,Nutrition response to humanitarian crisis in the three states most affected by the Boko Haram insurgency in the northeast of Nigeria,Western Africa,1902005,Underfunded Emergencies,2017,Nutrition,Nutrition,Boko Haram crisis 2014-,NGA-17/H/102747/124
2107,United Nations Children’s Fund,Africa,NGA,Nigeria,3/2/2017,Displacement,17-UF-CEF-012,"Provision of Emergency Integrated Primary Health Care services to Internally Displaced Persons in Camps and Host communities in the North East States of Borno, Yobe and Adamawa",Western Africa,1007405,Underfunded Emergencies,2017,Health,Health,Boko Haram crisis 2014-,NGA-17/H/102786/124
2108,United Nations Children’s Fund,Africa,NGA,Nigeria,2/28/2017,Displacement,17-UF-CEF-013,"Comprehensive WASH response to affected population in camps, host communities and in areas of return",Western Africa,3345997,Underfunded Emergencies,2017,"Water, Sanitation and Hygiene","Water, Sanitation and Hygiene",Boko Haram crisis 2014-,NGA-17/WS/102651/124
2109,United Nations Children’s Fund,Africa,NGA,Nigeria,3/2/2017,Displacement,17-UF-CEF-014,"Provision of safe and equitable access to inclusive education for conflicted affected girls and boys aged 3 to 17 years in Adamawa, Borno and Yobe States of Northeast Nigeria",Western Africa,1525595,Underfunded Emergencies,2017,Education,Education,Boko Haram crisis 2014-,NGA-17/E/102632/124
2110,United Nations Children’s Fund,Africa,NGA,Nigeria,3/6/2017,Displacement,17-UF-CEF-015,"Protection and care of conflict-affected children (case management of unaccompanied and separated children, psychosocial support and mine risk education)",Western Africa,500000,Underfunded Emergencies,2017,Protection,Protection,Boko Haram crisis 2014-,"NGA-17/P-HR-RL/102583/124, NGA-17/P-HR-RL/102585/124"
2111,World Health Organization,Africa,NGA,Nigeria,3/2/2017,Displacement,17-UF-WHO-004,"Provision of life-saving and life-sustaining health interventions to IDPs and host communities in Adamawa, Borno and Yobe",Western Africa,1447999,Underfunded Emergencies,2017,Health,Health,Boko Haram crisis 2014-,NGA-17/H/102498/122
2112,International Organization for Migration,Africa,NGA,Nigeria,2/22/2017,Displacement,17-UF-IOM-005,Shelter and NFI assistance to conflict-affected population in North-East Nigeria,Western Africa,1572472,Underfunded Emergencies,2017,Shelter and Non-Food Items,Shelter and Non-Food Items,Boko Haram crisis 2014-,NGA-17/S-NF/102371/298
2113,United Nations High Commissioner for Refugees,Africa,NGA,Nigeria,2/22/2017,Displacement,17-UF-HCR-003,"Provision of NFIs, Emergency shelters in displacement and return areas in Borno, Adamawa and Yobe State",Western Africa,1571826,Underfunded Emergencies,2017,Shelter and Non-Food Items,Shelter and Non-Food Items,Boko Haram crisis 2014-,NGA-17/S-NF/102493/120
2114,United Nations High Commissioner for Refugees,Africa,NGA,Nigeria,3/6/2017,Displacement,17-UF-HCR-004,Protection monitoring and response to identified protection risks/incidents in Borno and Yobe states,Western Africa,1200564,Underfunded Emergencies,2017,Protection,Protection,Boko Haram crisis 2014-,NGA-17/P-HR-RL/102514/120
2115,United Nations Population Fund,Africa,NGA,Nigeria,3/6/2017,Displacement,17-UF-FPA-004,"Providing Integrated Assistance and Restoring Dignity of GBV Survivors in Conflict Affected Borno, Adamawa and Yobe States of Northeast Nigeria",Western Africa,662837,Underfunded Emergencies,2017,Protection,Protection,Boko Haram crisis 2014-,NGA-17/P-HR-RL/102457/1171
2116,United Nations Population Fund,Africa,NGA,Nigeria,3/6/2017,Displacement,17-UF-FPA-005,"Integrated Sexual Reproductive Health services to displaced populations and affected host communities in Adamawa, Borno and Yobe states in Northeast Nigeria",Western Africa,858279,Underfunded Emergencies,2017,Health,Health,Boko Haram crisis 2014-,NGA-17/H/102401/1171
2355,United Nations Children’s Fund,Africa,NGA,Nigeria,8/3/2017,Displacement,17-RR-CEF-074,Integrated Life-saving WASH Services focusing on the newly arrived IDPs and returnees,Western Africa,2000001,Rapid Response,2017,"Water, Sanitation and Hygiene","Water, Sanitation and Hygiene",Boko Haram crisis 2014-,NGA-17/WS/102651/124
2357,United Nations Children’s Fund,Africa,NGA,Nigeria,8/8/2017,Displacement,17-RR-CEF-075,Emergency Life Saving Nutrition Response to Four LGAs in Borno State,Western Africa,1600000,Rapid Response,2017,Nutrition,Nutrition,Boko Haram crisis 2014-,NGA-17/H/102747/124
2358,World Health Organization,Africa,NGA,Nigeria,8/8/2017,Displacement,17-RR-WHO-029,Emergency Life Saving Nutrition Response to Four LGAs in Borno State,Western Africa,300001,Rapid Response,2017,Nutrition,Nutrition,Boko Haram crisis 2014-,NGA-17/H/102498/122
2359,International Organization for Migration,Africa,NGA,Nigeria,8/4/2017,Displacement,17-RR-IOM-030,Establishing and Managing Humanitarian Hubs for Increased Aid Coordination and Reach in Northeast Nigeria,Western Africa,3250000,Rapid Response,2017,Common Services,Common Services,Boko Haram crisis 2014-,NGA-17/CSS/102745/298
2360,United Nations Development Programme,Africa,NGA,Nigeria,8/11/2017,Displacement,17-RR-UDP-008,Additional security support to support the expansion of humanitarian operations into new hubs,Western Africa,282519,Rapid Response,2017,Common Services,Common Services,Boko Haram crisis 2014-,
2361,World Food Programme,Africa,NGA,Nigeria,8/3/2017,Displacement,17-RR-WFP-044,Critical Services for Humanitarians,Western Africa,750780,Rapid Response,2017,Common Services,Common Services,Boko Haram crisis 2014-,NGA-17/CSS/102521/561
2362,United Nations Population Fund,Africa,NGA,Nigeria,8/3/2017,Displacement,17-RR-FPA-039,Emergency Reproductive Health Services in the conflict-affected North East Nigerian States of Borno,Western Africa,356171,Rapid Response,2017,Health,Health,Boko Haram crisis 2014-,NGA-17/H/102401/1171
2363,United Nations Children’s Fund,Africa,NGA,Nigeria,8/3/2017,Displacement,17-RR-CEF-076,Provision of  Emergency Integrated Primary Health Care services to IDPs in Borno State,Western Africa,599999,Rapid Response,2017,Health,Health,Boko Haram crisis 2014-,NGA-17/H/102786/124
2364,World Health Organization,Africa,NGA,Nigeria,8/4/2017,Displacement,17-RR-WHO-030,Provision of life-saving essential health care and referral to secondary care including treatment of mental health illnesses,Western Africa,750000,Rapid Response,2017,Health,Health,Boko Haram crisis 2014-,NGA-17/H/102498/122
2688,World Health Organization,Africa,NGA,Nigeria,5/10/2018,Unspecified Health Emergency,18-RR-WHO-016,Support the containment of the Lassa fever outbreak in Nigeria,Western Africa,655049,Rapid Response,2018,Health,Health,,
2935,World Health Organization,Africa,NGA,Nigeria,11/1/2018,Cholera,18-RR-WHO-045,Emergency health response to support the Cholera outbreak and strengthen disease surveillance for Acute watery diarrhoea (AWD)/Cholera disease in Eleven (11) States in Nigeria.,Western Africa,901155,Rapid Response,2018,Health,Health,,
2936,United Nations Children’s Fund,Africa,NGA,Nigeria,10/31/2018,Cholera,18-RR-CEF-114,To provide Oral Rehydration Points (ORP) in host community clinics in locations of Cholera outbreaks in Borno and Yobe States of north-east Nigeria,Western Africa,292368,Rapid Response,2018,Health,Health,,
2937,United Nations Children’s Fund,Africa,NGA,Nigeria,10/31/2018,Cholera,18-RR-CEF-115,"WASH Response to cholera outbreak in Borno, Yobe and Adamawa States, North East Nigeria",Western Africa,1059082,Rapid Response,2018,"Water, Sanitation and Hygiene","Water, Sanitation and Hygiene",,
2950,International Organization for Migration,Africa,NGA,Nigeria,12/12/2018,Flood,18-RR-IOM-037,Provision of Life-Saving Shelter and Non-Food Items (NFI) in Support of Flood Affected Communities in Nigeria,Western Africa,1100003,Rapid Response,2018,Shelter and Non-Food Items,Shelter and Non-Food Items,,
2951,United Nations Population Fund,Africa,NGA,Nigeria,12/12/2018,Flood,18-RR-FPA-046,"Provision of Sexual Reproductive Health Services among the flood affected persons in Kogi, Niger, Delta, and Anambra States of Nigeria",Western Africa,762002,Rapid Response,2018,Health,Health,,
2952,World Health Organization,Africa,NGA,Nigeria,12/10/2018,Flood,18-RR-WHO-049,Provision of life saving and time critical health support for flood-affected populations in Nigeria,Western Africa,688130,Rapid Response,2018,Health,Health,,
2954,United Nations Children’s Fund,Africa,NGA,Nigeria,12/21/2018,Flood,18-RR-CEF-120,WASH response in six flood-affected states in Nigeria,Western Africa,1409088,Rapid Response,2018,"Water, Sanitation and Hygiene","Water, Sanitation and Hygiene",,
3714,United Nations Children’s Fund,Africa,NGA,Nigeria,10/29/2020,Displacement,20-UF-CEF-056,Child Protection and Education in Emergency response for children affected by conflict in Northeast of Nigeria,Western Africa,4399657,Underfunded Emergencies,2020,"Education, Protection","Education, Protection",,
3715,United Nations Population Fund,Africa,NGA,Nigeria,10/29/2020,Displacement,20-UF-FPA-036,"Providing Comprehensive Care and Response services for GBV Survivors in Borno, Adamawa and Yobe States",Western Africa,2402289,Underfunded Emergencies,2020,Protection,Protection,,
3716,United Nations High Commissioner for Refugees,Africa,NGA,Nigeria,10/29/2020,Displacement,20-UF-HCR-029,"Protection and Multi-sectoral Assistance to IDPs through Shelter, CCCM and Core-relief Items",Western Africa,3800000,Underfunded Emergencies,2020,"Camp Coordination and Camp Management, Protection, Shelter and Non-Food Items","Camp Coordination and Camp Management, Protection, Shelter and Non-Food Items",,
3717,International Organization for Migration,Africa,NGA,Nigeria,11/5/2020,Displacement,20-UF-IOM-028,Improving the living conditions of displaced populations in north-east Nigeria through Camp Coordination and Camp Management (CCCM) and Shelter assistance.,Western Africa,2400000,Underfunded Emergencies,2020,"Camp Coordination and Camp Management, Shelter and Non-Food Items","Camp Coordination and Camp Management, Shelter and Non-Food Items",,
3773,World Food Programme,Africa,NGA,Nigeria,1/12/2021,Displacement,20-RR-WFP-056,Food Assistance to the most vulnerable people affected by COVID-19 in the northeast Nigeria,Western Africa,15000005,Rapid Response,2021,Food Assistance,Food Assistance,Covid-19 2020-2021,HNGA21-ERY;FSC;NUT-173685-1
3954,Food and Agriculture Organization,Africa,NGA,Nigeria,9/17/2021,Displacement,21-UF-FAO-016,"Restoring livelihoods of vulnerable populations to catastrophic food and nutrition insecurity in Borno, Adamawa and Yobe States",Western Africa,1400022,Underfunded Emergencies,2021,Agriculture,Agriculture,,
3955,United Nations High Commissioner for Refugees,Africa,NGA,Nigeria,9/21/2021,Displacement,21-UF-HCR-020,"Protection, Assistance and Durable Solutions for Vulnerable IDPs and Refugee Returnees in North East Nigeria.",Western Africa,1750063,Underfunded Emergencies,2021,"Protection, Shelter and Non-Food Items","Protection, Shelter and Non-Food Items",,
3956,United Nations Children’s Fund,Africa,NGA,Nigeria,9/17/2021,Displacement,21-UF-CEF-037,Sector response to heightened food insecurity in North-eastern Nigeria,Western Africa,3400000,Underfunded Emergencies,2021,"Health, Nutrition, Water, Sanitation and Hygiene","Health, Nutrition, Water, Sanitation and Hygiene",,
3957,World Food Programme,Africa,NGA,Nigeria,9/15/2021,Displacement,21-UF-WFP-028,Enabling UN Common Services for the Humanitarian Operations in Northeast Nigeria,Western Africa,1500000,Underfunded Emergencies,2021,Common Services,Common Services,,
3958,International Organization for Migration,Africa,NGA,Nigeria,9/20/2021,Displacement,21-UF-IOM-022,Sustainable integration of internally displaced populations (IDPs) in north-east Nigeria (Shelter/Non-Food Items (NFI,Western Africa,750000,Underfunded Emergencies,2021,Shelter and Non-Food Items,Shelter and Non-Food Items,,
3959,United Nations Population Fund,Africa,NGA,Nigeria,9/20/2021,Displacement,21-UF-FPA-022,"Providing timely and integrated life-saving multi-sector Gender-Based Violence (GBV) and sexual and Reproductive Health (SRH) services for survivors and individuals at risk in Borno, Adamawa and Yobe States",Western Africa,2194855,Underfunded Emergencies,2021,"Health, Protection","Health, Protection",,
4010,United Nations Children’s Fund,Africa,NGA,Nigeria,10/22/2021,Cholera,21-RR-CEF-047,Cholera Prevention and Control through community health and WASH interventions in Northern Nigeria,Western Africa,4300000,Rapid Response,2021,"Health, Water, Sanitation and Hygiene","Health, Water, Sanitation and Hygiene",,
4011,World Health Organization,Africa,NGA,Nigeria,10/21/2021,Cholera,21-RR-WHO-034,Support in transmission containment and reduction of related mortality of Cholera disease in 147 LGAs across 10 states in Nigeria.,Western Africa,1704803,Rapid Response,2021,Health,Health,,
4027,United Nations High Commissioner for Refugees,Africa,NGA,Nigeria,10/22/2021,Displacement,21-UF-HCR-027,"Protection, Assistance and Durable Solutions for People with Disabilities in North-East Nigeria",Western Africa,600362,Underfunded Emergencies,2021,"Camp Coordination and Camp Management, Shelter and Non-Food Items","Camp Coordination and Camp Management, Shelter and Non-Food Items",,
4032,United Nations Children’s Fund,Africa,NGA,Nigeria,10/29/2021,Displacement,21-UF-CEF-052,Support and inclusion of children with disabilities and caregivers in CP service delivery in North East Nigeria,Western Africa,300000,Underfunded Emergencies,2021,Protection,Protection,,
4033,International Organization for Migration,Africa,NGA,Nigeria,10/28/2021,Displacement,21-UF-IOM-031,Improving the well-being of persons with disabilities in camp and camp-like settings,Western Africa,600000,Underfunded Emergencies,2021,Camp Coordination and Camp Management,Camp Coordination and Camp Management,,
4236,United Nations Children’s Fund,Africa,NGA,Nigeria,5/18/2022,Violence/Clashes,22-RR-CEF-035,Multisectoral Rapid Response to the people affected by the lean season,Western Africa,5000000,Rapid Response,2022,"Health, Nutrition, Water, Sanitation and Hygiene","Health, Nutrition, Water, Sanitation and Hygiene",,
4237,World Food Programme,Africa,NGA,Nigeria,5/19/2022,Violence/Clashes,22-RR-WFP-031,Food assistance to the most vulnerable conflict affected people in the northeast Nigeria,Western Africa,10000000,Rapid Response,2022,Food Assistance,Food Assistance,,
4364,International Organization for Migration,Africa,NGA,Nigeria,9/28/2022,Displacement,22-UF-IOM-026,Supporting humanitarian responders with access to hard to reach locations to operationalize life-saving activities,Western Africa,500000,Underfunded Emergencies,2022,Common Services,Common Services,,
4365,United Nations Children’s Fund,Africa,NGA,Nigeria,10/3/2022,Violence/Clashes,22-UF-CEF-064,Multisectoral Response to the communities affected by malnutrition,Western Africa,8500000,Underfunded Emergencies,2022,"Health, Nutrition, Water, Sanitation and Hygiene","Health, Nutrition, Water, Sanitation and Hygiene",,
4366,Food and Agriculture Organization,Africa,NGA,Nigeria,9/29/2022,Violence/Clashes,22-UF-FAO-036,Addressing Acute Malnutrition through Agriculture and Nutrition-sensitive Interventions in Borno and Yobe States,Western Africa,1000000,Underfunded Emergencies,2022,"Agriculture, Nutrition","Agriculture, Nutrition",,
4401,International Organization for Migration,Africa,NGA,Nigeria,11/9/2022,Flood,22-RR-IOM-031,"Enhancing the protection, living conditions, and reducing the vulnerabilities of IDPs and host communities among the flood-affected populations in Nigeria",Western Africa,2492510,Rapid Response,2022,"Camp Coordination and Camp Management, Early Recovery, Health, Shelter and Non-Food Items, Water, Sanitation and Hygiene","Camp Coordination and Camp Management, Early Recovery, Health, Shelter and Non-Food Items, Water, Sanitation and Hygiene",,
4402,United Nations Children’s Fund,Africa,NGA,Nigeria,11/10/2022,Flood,22-RR-CEF-074,"Multisectoral Rapid Response for flood-affected people in Bayelsa, Anambra, and Niger States",Western Africa,2500000,Rapid Response,2022,"Health, Multi-Purpose Cash, Protection, Water, Sanitation and Hygiene","Health, Multi-Purpose Cash, Protection, Water, Sanitation and Hygiene",,
4403,World Food Programme,Africa,NGA,Nigeria,11/9/2022,Flood,22-RR-WFP-064,Enabling UN Common Services for the Humanitarian Operations in Northeast Nigeria,Western Africa,501158,Rapid Response,2022,Common Services,Common Services,,
4617,World Food Programme,Africa,NGA,Nigeria,6/2/2023,Violence/Clashes,23-RR-WFP-022,Provision of life-saving nutrition sensitive assistance to crisis affected population in Local Government Areas with famine-like situations in NE Nigeria.,Western Africa,6000000,Rapid Response,2023,Food Assistance,Food Assistance,,
4618,United Nations Children’s Fund,Africa,NGA,Nigeria,6/7/2023,Violence/Clashes,23-RR-CEF-027,Provision of life-saving nutrition interventions to reduce morbidity and mortality among women and children in at-risk Local Government Areas with famine-like situations in NE Nigeria.,Western Africa,2000000,Rapid Response,2023,Nutrition,Nutrition,,
4619,Food and Agriculture Organization,Africa,NGA,Nigeria,6/7/2023,Violence/Clashes,23-RR-FAO-016,Provision of life-saving Agriculture and Nutrition-sensitive Assistance to Crisis affected populations in Local Government areas with famine-like situations in Borno State.,Western Africa,1000000,Rapid Response,2023,Agriculture,Agriculture,,
32768,World Food Programme,Africa,NGA,Nigeria,7/10/2024,Drought,CERF-NGA-24-RR-WFP-32768,Provision of life-saving nutrition-sensitive assistance to crisis affected population in Local Government Areas in NE Nigeria,Western Africa,5500000.35,Rapid Response,2024,Food Assistance,Food Aid,,
32769,Food and Agriculture Organization,Africa,NGA,Nigeria,7/10/2024,Drought,CERF-NGA-24-RR-FAO-32769,Life-saving Agriculture and Nutrition-sensitive Assistance to Crisis affected populations in Local Government Areas in BAY states ,Western Africa,2000000.13,Rapid Response,2024,Agriculture,Agriculture,,
32770,United Nations Children’s Fund,Africa,NGA,Nigeria,7/10/2024,Drought,CERF-NGA-24-RR-CEF-32770,Provision of Life-Saving Integrated Nutrition Interventions to Reduce Malnutrition Among Vulnerable Women and Children in High-Risk LGAs of the Borno and Yobe states,Western Africa,3500000,Rapid Response,2024,Nutrition,Nutrition,,
33917,United Nations Children’s Fund,Africa,NGA,Nigeria,10/16/2024,Flood,CERF-NGA-24-RR-CEF-33917,"Response to floods affected communities in Borno State, Nigeria ",Western Africa,781249.8,Rapid Response,2024,"Health, Protection, Water, Sanitation and Hygiene","Health, Protection, Water, Sanitation and Hygiene",,
33920,International Organization for Migration,Africa,NGA,Nigeria,10/21/2024,Flood,CERF-NGA-24-RR-IOM-33920,"CERF Emergency Rapid Response to flood-affected populations in Borno, Bauchi, and Sokoto states, Nigeria",Western Africa,1173179.54,Rapid Response,2024,"Camp Coordination and Camp Management, Multi-Purpose Cash, Protection, Shelter and Non-Food Items, Water, Sanitation and Hygiene","Camp Coordination and Camp Management, Multi-Purpose Cash, Protection, Shelter and Non-Food Items, Water, Sanitation and Hygiene",,
33921,World Food Programme,Africa,NGA,Nigeria,10/22/2024,Flood,CERF-NGA-24-RR-WFP-33921,Provision of life-saving assistance to crisis affected population in Local Government Areas in northeast and northwest Nigeria ,Western Africa,2265652.38,Rapid Response,2024,"Common Services, Food Assistance, Multi-Purpose Cash","Common Services, Food Aid, Multi-Purpose Cash",,
33922,Food and Agriculture Organization,Africa,NGA,Nigeria,10/15/2024,Flood,CERF-NGA-24-RR-FAO-33922,Life-Saving Emergency Food Security and Livelihoods Support in Response to Nigeria Flooding,Western Africa,390625.97,Rapid Response,2024,"Agriculture, Nutrition","Agriculture, Nutrition",,
33923,United Nations Population Fund,Africa,NGA,Nigeria,10/16/2024,Flood,CERF-NGA-24-RR-FPA-33923,Enhancing the integrated life-saving SRH and GBV services for flood affected populations in Borno State. ,Western Africa,390547.89,Rapid Response,2024,"Health, Protection","Health, Protection",,
36306,United Nations Children’s Fund,Africa,NGA,Nigeria,7/11/2025,Economic Disruption,CERF-NGA-25-RR-CEF-36306,Integrated response to the risk of malnutrition in Northeast Nigeria ,Western Africa,3000007.11,Rapid Response,2025,"Health, Nutrition, Water, Sanitation and Hygiene","Health, Nutrition, Water, Sanitation and Hygiene",,
36307,World Food Programme,Africa,NGA,Nigeria,7/11/2025,Economic Disruption,CERF-NGA-25-RR-WFP-36307,Emergency nutrition assistance in Borno and Yobe States (targeted supplementation).,Western Africa,1499999.95,Rapid Response,2025,Nutrition,Nutrition,,
36309,World Health Organization,Africa,NGA,Nigeria,7/3/2025,Economic Disruption,CERF-NGA-25-RR-WHO-36309,"Strengthened life-saving health services for vulnerable populations during the lean season in Borno, Adamawa, and Yobe States.",Western Africa,1000000,Rapid Response,2025,Health,Health,,
36311,United Nations High Commissioner for Refugees,Africa,NGA,Nigeria,7/11/2025,Economic Disruption,CERF-NGA-25-RR-HCR-36311,Enhancing the delivery of quality protection services by improving the protection environment and risk reduction for forcibly displaced persons in North-East Nigeria.,Western Africa,500000.46,Rapid Response,2025,Protection,Protection,,
36438,International Organization for Migration,Africa,NGA,Nigeria,8/14/2025,Flood,CERF-NGA-25-RR-IOM-36438,"Anticipatory Action and Response to flood in Adamawa State, Nigeria",Western Africa,999999.95,Rapid Response,2025,Shelter and Non-Food Items,Shelter and Non-Food Items,,
36439,World Food Programme,Africa,NGA,Nigeria,8/11/2025,Flood,CERF-NGA-25-RR-WFP-36439,"Anticipatory multi-purpose cash assistance to populations at risk of riverine flooding in Fufore,Yola South, Yola North and Girei Local Government Areas within Adamawa State (along the River Benue).",Western Africa,1750000.49,Rapid Response,2025,Multi-Purpose Cash,Multi-Purpose Cash,,
36440,United Nations Children’s Fund,Africa,NGA,Nigeria,8/14/2025,Flood,CERF-NGA-25-RR-CEF-36440,Floods anticipatory action in Adamawa State,Western Africa,1250000.75,Rapid Response,2025,"Water, Sanitation and Hygiene","Water, Sanitation and Hygiene",,
36441,Food and Agriculture Organization,Africa,NGA,Nigeria,8/8/2025,Flood,CERF-NGA-25-RR-FAO-36441,Safeguarding Livelihoods: Integrated Crop and Livestock Anticipatory Action Support in Northeast Nigeria,Western Africa,400129.18,Rapid Response,2025,Agriculture,Agriculture,,
36442,World Health Organization,Africa,NGA,Nigeria,8/12/2025,Flood,CERF-NGA-25-RR-WHO-36442,Mitigating flood related health impacts in vulnerable communities along River Benue in Adamawa State.,Western Africa,600000.16,Rapid Response,2025,Health,Health,,
39551,World Food Programme,Africa,NGA,Nigeria,4/24/2026,Violence/Clashes,CERF-NGA-26-RR-WFP-39551,"Provision of passenger and cargo air transport, and logistics services for the humanitarian community in Nigeria ",Western Africa,4000000.7,Rapid Response,2026,Common Services,Common Services,,
39782,United Nations Children’s Fund,Africa,NGA,Nigeria,6/3/2026,Cholera,CERF-NGA-26-RR-CEF-39782,"Response and early action for emergency WASH, community-based health, and Risk Communication and Community Engagement (RCCE) to Cholera-affected communities across 17 impacted and high-risk LGAs",Western Africa,1800000.01,Rapid Response,2026,"Health, Water, Sanitation and Hygiene","Health, Water, Sanitation and Hygiene",,
39783,World Health Organization,Africa,NGA,Nigeria,6/3/2026,Cholera,CERF-NGA-26-RR-WHO-39783,Support in transmission containment and reduction of related mortality of Cholera disease in 17 high priority LGAs across 4 states in Nigeria.,Western Africa,2200000,Rapid Response,2026,Health,Health,,
